﻿{"cameraMode":{"drawMode":0,"name":"Shaded","section":"Shading Mode"},"sceneLighting":false,"audioPlay":false,"sceneViewState":{"showFog":false,"showMaterialUpdate":false,"showSkybox":false,"showFlares":false,"showImageEffects":false,"showParticleSystems":true},"in2DMode":false,"pivot":{"x":-0.6405482888221741,"y":2.2411234378814699,"z":5.129955291748047},"rotation":{"x":-0.001913134241476655,"y":0.9361834526062012,"z":-0.352073609828949,"w":-0.006377514451742172},"size":1.136784553527832,"orthographic":false}