﻿{"cameraMode":{"drawMode":0,"name":"Shaded","section":"Shading Mode"},"sceneLighting":false,"audioPlay":false,"sceneViewState":{"showFog":false,"showMaterialUpdate":false,"showSkybox":false,"showFlares":false,"showImageEffects":false,"showParticleSystems":true},"in2DMode":false,"pivot":{"x":0.20436951518058778,"y":-2.3078620433807375,"z":-5.622288227081299},"rotation":{"x":0.4544573724269867,"y":-0.027179129421710969,"z":0.01399717852473259,"w":0.890460193157196},"size":4.20963191986084,"orthographic":false}