﻿{"cameraMode":{"drawMode":0,"name":"Shaded","section":"Shading Mode"},"sceneLighting":false,"audioPlay":false,"sceneViewState":{"showFog":false,"showMaterialUpdate":false,"showSkybox":false,"showFlares":false,"showImageEffects":false,"showParticleSystems":true},"in2DMode":false,"pivot":{"x":0.0,"y":1.2719999551773072,"z":-7.050000190734863},"rotation":{"x":0.3191019296646118,"y":0.03219408541917801,"z":-0.010713130235671997,"w":0.9473159909248352},"size":0.25980767607688906,"orthographic":false}