﻿{"cameraMode":{"drawMode":0,"name":"Shaded","section":"Shading Mode"},"sceneLighting":true,"audioPlay":false,"sceneViewState":{"showFog":false,"showMaterialUpdate":false,"showSkybox":false,"showFlares":false,"showImageEffects":false,"showParticleSystems":true},"in2DMode":false,"pivot":{"x":-0.40383368730545046,"y":1.9296902418136597,"z":3.5000267028808595},"rotation":{"x":0.25005272030830386,"y":-0.06109814718365669,"z":0.01624421216547489,"w":0.9664470553398132},"size":22.097597122192384,"orthographic":false}