﻿{"cameraMode":{"drawMode":0,"name":"Shaded","section":"Shading Mode"},"sceneLighting":false,"audioPlay":false,"sceneViewState":{"showFog":false,"showMaterialUpdate":false,"showSkybox":false,"showFlares":false,"showImageEffects":false,"showParticleSystems":true},"in2DMode":false,"pivot":{"x":-0.29709088802337649,"y":2.7934274673461916,"z":-8.526468276977539},"rotation":{"x":0.18025623261928559,"y":0.0069016944617033009,"z":-0.0008324501104652882,"w":0.983817458152771},"size":1.578041434288025,"orthographic":false}